{
  "bgf_params": {
    "r": 0.7144190864748791,
    "alpha": 30.52195727402191,
    "a": 8.578524815210936e-06,
    "b": 7724.898792804171
  },
  "ggf_params": {
    "p": 1.9118232908760866,
    "q": 2.4843580022485448,
    "v": 370.1297967627924
  }
}