Model,Accuracy,Precision,Recall,F1-Score,ROC-AUC,Train Time (s)
Random Forest,0.6816326530612244,0.4,0.36363636363636365,0.38095238095238093,0.6422888098865753,0.3299543857574463
Logistic Regression,0.563265306122449,0.3305785123966942,0.6060606060606061,0.42780748663101603,0.633231758930083,0.06311655044555664
CatBoost,0.6448979591836734,0.3384615384615385,0.3333333333333333,0.33587786259541985,0.6267140680548501,0.7103142738342285
XGBoost,0.6571428571428571,0.3269230769230769,0.25757575757575757,0.288135593220339,0.6164719823937701,2.104221820831299
LightGBM,0.6408163265306123,0.30357142857142855,0.25757575757575757,0.2786885245901639,0.5855764347384459,5.626237869262695
Decision Tree,0.47346938775510206,0.3179190751445087,0.8333333333333334,0.4602510460251046,0.574741831725072,0.046669960021972656
